isbn,titulo,autor,coleccion,tematica,fecha,adquirido,estanteFil,estanteCol,prestado,recordatorio,fecharec
9788499891095,La cúpula,Stephen King,,ciencia ficción,2011,12/02/2022,0,6,,,
9788415866992,El escultor,Scott McCloud,,comic,2015,12/02/2022,1,1,,,
6565764, harry potter 2, JK,HP,fantasia,5 12 21,31/12/2021,1,4,,,
9788496208926,Canción de hielo y fuego 01. Juego de tronos,George R. R. Martin,Juego de tronos,fantasia,2012,12/02/2022,1,7,,,
9788467500813,El coleccionista de relojes extraordinarios,Laura Gallego García,,fantasia,2004,13/02/2022,2,5,,,
,UFO Baby 1,Mika Kawamura,UFO Baby,fantasia,,12/02/2022,2,5,,,
,UFO Baby 2,Mika Kawamura,UFO Baby,fantasia,,12/02/2022,3,0,,,
9788490432426,La brújula de los sueños (La trastienda Batibaleno 2),Pierdomenico Baccalario,La trastienda Batibaleno,fantasia,2014,13/02/2022,3,3,,,
9788490433706,La ladrona de espejos (La trastienda Batibaleno 4),Pierdomenico Baccalario,La trastienda Batibaleno,fantasia,2014,13/02/2022,3,6,,,
9788490432419,La trastienda Batibaleno (La trastienda Batibaleno 1),Pierdomenico Baccalario,La trastienda Batibaleno ,fantasia,2014,13/02/2022,4,2,,,
9788416331611,EL OCASO DE ODÍN,,,fantasia,,12/02/2022,4,5,,,
9788447218561,Teoría de máquinas y mecanismos,Universidad de Sevilla,,ingenieria,,12/02/2022,5,0,,,
9788447218561,Teoría de máquinas y mecanismos,Universidad de Sevilla,,ingeniería,,12/02/2022,5,3,,,
9788408115816,El misterio de la Rosa Escarlata,Irene Adler,,,2013,13/02/2022,5,6,,,
9780375892288,Century #3: City Of Wind,P. D. Baccalario,,,2011,13/02/2022,6,1,,,
9788467831160,Cyboria. Última estación: Fin del Mundo,Pierdomenico Baccalario,,,2014,13/02/2022,6,4,,,
9788484412922,La puerta del tiempo,Pierdomenico Baccalario,,,2006,12/02/2022,6,7,,,
9788484413240,La tienda de los mapas olvidados / The Store of the Lost Maps,Pierdomenico Baccalario,,,2006,13/02/2022,7,2,,,
9788423698578,La casa de las sombras,Robert Liparulo,,,2010,12/02/2022,7,5,,,
