isbn,titulo,autor,coleccion,tematica,fecha,adquirido,estanteFil,estanteCol,prestado
9788499891095,La cúpula,Stephen King,,ciencia ficción,2011,12/02/2022,0,4,
9788415866992,El escultor,Scott McCloud,,comic,2015,12/02/2022,1,1,
6565764, harry potter 2, JK,HP,fantasia,5 12 21,31/12/2021,1,5,
9788496208926,Canción de hielo y fuego 01. Juego de tronos,George R. R. Martin,Juego de tronos,fantasia,2012,12/02/2022,2,1,
9788467500813,El coleccionista de relojes extraordinarios,Laura Gallego García,,fantasia,2004,12/02/2022,2,5,
,UFO Baby 1,Mika Kawamura,UFO Baby,fantasia,,12/02/2022,3,2,
,UFO Baby 2,Mika Kawamura,UFO Baby,fantasia,,12/02/2022,3,6,
9788416331611,EL OCASO DE ODÍN,,,fantasia,,12/02/2022,4,2,
9788447218561,Teoría de máquinas y mecanismos,Universidad de Sevilla,,ingenieria,,12/02/2022,4,6,
9788447218561,Teoría de máquinas y mecanismos,Universidad de Sevilla,,ingeniería,,12/02/2022,5,3,
9788484412922,La puerta del tiempo,Pierdomenico Baccalario,,,2006,12/02/2022,5,7,
9788423698578,La casa de las sombras,Robert Liparulo,,,2010,12/02/2022,6,3,
9788499891095,La cúpula,Stephen King,,,2011,12/02/2022,6,7,
9788499891095,La cúpula,Stephen King,,,2011,12/02/2022,7,4,
